Comunidad autónoma de destino;Periodo;Total
Total nacional;2024M12;5.265.945
Total nacional;2024M11;5.665.204
Total nacional;2024M10;8.965.310
Total nacional;2024M09;9.595.136
Total nacional;2024M08;10.930.750
Total nacional;2024M07;10.851.172
Total nacional;2024M06;9.313.450
Total nacional;2024M05;9.256.446
Total nacional;2024M04;7.831.094
Total nacional;2024M03;6.347.516
Total nacional;2024M02;5.009.311
Total nacional;2024M01;4.768.171
Total nacional;2023M12;5.209.085
Total nacional;2023M11;5.135.498
Total nacional;2023M10;8.187.022
Total nacional;2023M09;8.795.425
Total nacional;2023M08;10.186.163
Total nacional;2023M07;10.116.916
Total nacional;2023M06;8.307.460
Total nacional;2023M05;8.300.384
Total nacional;2023M04;7.228.094
Total nacional;2023M03;5.247.341
Total nacional;2023M02;4.320.665
Total nacional;2023M01;4.134.995
Total nacional;2022M12;4.127.293
Total nacional;2022M11;4.334.651
Total nacional;2022M10;7.176.984
Total nacional;2022M09;7.767.211
Total nacional;2022M08;8.848.665
Total nacional;2022M07;9.091.390
Total nacional;2022M06;7.498.156
Total nacional;2022M05;6.988.353
Total nacional;2022M04;6.106.316
Total nacional;2022M03;4.039.532
Total nacional;2022M02;3.179.288
Total nacional;2022M01;2.501.443
Total nacional;2021M12;2.947.525
Total nacional;2021M11;3.361.913
Total nacional;2021M10;5.148.820
Total nacional;2021M09;4.703.933
Total nacional;2021M08;5.196.520
Total nacional;2021M07;4.398.992
Total nacional;2021M06;2.216.356
Total nacional;2021M05;1.363.164
Total nacional;2021M04;629.206
Total nacional;2021M03;491.427
Total nacional;2021M02;284.974
Total nacional;2021M01;437.973
Total nacional;2020M12;648.989
Total nacional;2020M11;456.814
Total nacional;2020M10;1.020.773
Total nacional;2020M09;1.138.868
Total nacional;2020M08;2.440.978
Total nacional;2020M07;2.464.779
Total nacional;2020M06;204.272
Total nacional;2020M05;.
Total nacional;2020M04;.
Total nacional;2020M03;1.997.262
Total nacional;2020M02;4.427.344
Total nacional;2020M01;4.133.024
Total nacional;2019M12;4.304.741
Total nacional;2019M11;4.655.021
Total nacional;2019M10;7.587.749
Total nacional;2019M09;8.845.152
Total nacional;2019M08;10.118.366
Total nacional;2019M07;9.873.270
Total nacional;2019M06;8.833.893
Total nacional;2019M05;7.919.204
Total nacional;2019M04;7.146.033
Total nacional;2019M03;5.649.577
Total nacional;2019M02;4.380.504
Total nacional;2019M01;4.195.641
Total nacional;2018M12;4.354.798
Total nacional;2018M11;4.536.873
Total nacional;2018M10;7.649.860
Total nacional;2018M09;8.932.308
Total nacional;2018M08;10.175.761
Total nacional;2018M07;10.020.246
Total nacional;2018M06;8.554.306
Total nacional;2018M05;8.086.048
Total nacional;2018M04;6.780.378
Total nacional;2018M03;5.393.186
Total nacional;2018M02;4.218.047
Total nacional;2018M01;4.106.601
Total nacional;2017M12;3.982.530
Total nacional;2017M11;4.392.575
Total nacional;2017M10;7.269.931
Total nacional;2017M09;8.877.270
Total nacional;2017M08;10.397.745
Total nacional;2017M07;10.493.438
Total nacional;2017M06;8.431.975
Total nacional;2017M05;8.002.648
Total nacional;2017M04;7.081.594
Total nacional;2017M03;4.913.943
Total nacional;2017M02;4.119.137
Total nacional;2017M01;3.905.736
Total nacional;2016M12;3.990.446
Total nacional;2016M11;4.098.262
Total nacional;2016M10;7.137.723
Total nacional;2016M09;7.932.607
Total nacional;2016M08;10.027.471
Total nacional;2016M07;9.545.792
Total nacional;2016M06;7.552.758
Total nacional;2016M05;7.111.154
Total nacional;2016M04;6.086.327
Total nacional;2016M03;4.627.206
Total nacional;2016M02;3.678.726
Total nacional;2016M01;3.526.537
Total nacional;2015M12;3.512.914
Total nacional;2015M11;3.754.802
Total nacional;2015M10;6.432.341
01 Andalucía;2024M12;680.492
01 Andalucía;2024M11;777.538
01 Andalucía;2024M10;1.368.923
01 Andalucía;2024M09;1.435.271
01 Andalucía;2024M08;1.602.146
01 Andalucía;2024M07;1.461.773
01 Andalucía;2024M06;1.366.423
01 Andalucía;2024M05;1.348.546
01 Andalucía;2024M04;1.204.044
01 Andalucía;2024M03;960.232
01 Andalucía;2024M02;726.034
01 Andalucía;2024M01;666.363
01 Andalucía;2023M12;624.935
01 Andalucía;2023M11;715.475
01 Andalucía;2023M10;1.237.399
01 Andalucía;2023M09;1.300.924
01 Andalucía;2023M08;1.466.334
01 Andalucía;2023M07;1.344.993
01 Andalucía;2023M06;1.156.269
01 Andalucía;2023M05;1.210.100
01 Andalucía;2023M04;1.152.846
01 Andalucía;2023M03;801.619
01 Andalucía;2023M02;612.045
01 Andalucía;2023M01;567.627
01 Andalucía;2022M12;533.927
01 Andalucía;2022M11;592.129
01 Andalucía;2022M10;1.048.112
01 Andalucía;2022M09;1.101.005
01 Andalucía;2022M08;1.295.900
01 Andalucía;2022M07;1.122.579
01 Andalucía;2022M06;1.009.682
01 Andalucía;2022M05;1.040.000
01 Andalucía;2022M04;908.068
01 Andalucía;2022M03;609.932
01 Andalucía;2022M02;425.087
01 Andalucía;2022M01;323.469
01 Andalucía;2021M12;332.287
01 Andalucía;2021M11;486.298
01 Andalucía;2021M10;813.081
01 Andalucía;2021M09;687.624
01 Andalucía;2021M08;699.075
01 Andalucía;2021M07;555.120
01 Andalucía;2021M06;296.125
01 Andalucía;2021M05;166.171
01 Andalucía;2021M04;83.006
01 Andalucía;2021M03;51.049
01 Andalucía;2021M02;28.715
01 Andalucía;2021M01;49.789
01 Andalucía;2020M12;60.600
01 Andalucía;2020M11;49.175
01 Andalucía;2020M10;143.610
01 Andalucía;2020M09;179.190
01 Andalucía;2020M08;363.850
01 Andalucía;2020M07;359.754
01 Andalucía;2020M06;13.997
01 Andalucía;2020M05;.
01 Andalucía;2020M04;.
01 Andalucía;2020M03;298.332
01 Andalucía;2020M02;626.653
01 Andalucía;2020M01;605.451
01 Andalucía;2019M12;557.861
01 Andalucía;2019M11;614.169
01 Andalucía;2019M10;1.191.120
01 Andalucía;2019M09;1.375.342
01 Andalucía;2019M08;1.403.701
01 Andalucía;2019M07;1.256.656
01 Andalucía;2019M06;1.243.394
01 Andalucía;2019M05;1.204.749
01 Andalucía;2019M04;1.131.483
01 Andalucía;2019M03;842.934
01 Andalucía;2019M02;626.983
01 Andalucía;2019M01;574.761
01 Andalucía;2018M12;552.595
01 Andalucía;2018M11;604.357
01 Andalucía;2018M10;1.140.163
01 Andalucía;2018M09;1.319.350
01 Andalucía;2018M08;1.424.410
01 Andalucía;2018M07;1.327.577
01 Andalucía;2018M06;1.168.948
01 Andalucía;2018M05;1.193.716
01 Andalucía;2018M04;1.044.566
01 Andalucía;2018M03;787.749
01 Andalucía;2018M02;579.798
01 Andalucía;2018M01;538.026
01 Andalucía;2017M12;510.486
01 Andalucía;2017M11;569.632
01 Andalucía;2017M10;1.119.427
01 Andalucía;2017M09;1.327.059
01 Andalucía;2017M08;1.422.593
01 Andalucía;2017M07;1.356.267
01 Andalucía;2017M06;1.164.980
01 Andalucía;2017M05;1.176.002
01 Andalucía;2017M04;1.044.661
01 Andalucía;2017M03;720.603
01 Andalucía;2017M02;584.543
01 Andalucía;2017M01;522.009
01 Andalucía;2016M12;495.562
01 Andalucía;2016M11;548.318
01 Andalucía;2016M10;1.094.199
01 Andalucía;2016M09;1.117.892
01 Andalucía;2016M08;1.374.753
01 Andalucía;2016M07;1.211.907
01 Andalucía;2016M06;1.057.266
01 Andalucía;2016M05;1.091.989
01 Andalucía;2016M04;967.258
01 Andalucía;2016M03;683.760
01 Andalucía;2016M02;493.279
01 Andalucía;2016M01;453.459
01 Andalucía;2015M12;446.806
01 Andalucía;2015M11;487.964
01 Andalucía;2015M10;996.515
02 Aragón;2024M12;52.375
02 Aragón;2024M11;33.505
02 Aragón;2024M10;46.881
02 Aragón;2024M09;58.255
02 Aragón;2024M08;62.402
02 Aragón;2024M07;46.488
02 Aragón;2024M06;43.067
02 Aragón;2024M05;53.758
02 Aragón;2024M04;40.306
02 Aragón;2024M03;20.453
02 Aragón;2024M02;29.023
02 Aragón;2024M01;19.917
02 Aragón;2023M12;38.005
02 Aragón;2023M11;25.352
02 Aragón;2023M10;30.068
02 Aragón;2023M09;45.414
02 Aragón;2023M08;43.429
02 Aragón;2023M07;43.669
02 Aragón;2023M06;35.594
02 Aragón;2023M05;43.624
02 Aragón;2023M04;37.690
02 Aragón;2023M03;29.969
02 Aragón;2023M02;32.056
02 Aragón;2023M01;21.927
02 Aragón;2022M12;29.935
02 Aragón;2022M11;24.465
02 Aragón;2022M10;28.116
02 Aragón;2022M09;34.570
02 Aragón;2022M08;37.648
02 Aragón;2022M07;35.346
02 Aragón;2022M06;27.556
02 Aragón;2022M05;33.554
02 Aragón;2022M04;28.663
02 Aragón;2022M03;33.894
02 Aragón;2022M02;36.956
02 Aragón;2022M01;34.473
02 Aragón;2021M12;33.243
02 Aragón;2021M11;24.602
02 Aragón;2021M10;26.681
02 Aragón;2021M09;30.502
02 Aragón;2021M08;32.112
02 Aragón;2021M07;23.797
02 Aragón;2021M06;11.849
02 Aragón;2021M05;13.216
02 Aragón;2021M04;4.012
02 Aragón;2021M03;5.020
02 Aragón;2021M02;4.435
02 Aragón;2021M01;6.416
02 Aragón;2020M12;.
02 Aragón;2020M11;3.820
02 Aragón;2020M10;11.235
02 Aragón;2020M09;9.387
02 Aragón;2020M08;23.182
02 Aragón;2020M07;19.406
02 Aragón;2020M06;.
02 Aragón;2020M05;.
02 Aragón;2020M04;.
02 Aragón;2020M03;20.499
02 Aragón;2020M02;39.860
02 Aragón;2020M01;35.300
02 Aragón;2019M12;37.262
02 Aragón;2019M11;37.253
02 Aragón;2019M10;36.852
02 Aragón;2019M09;47.784
02 Aragón;2019M08;69.372
02 Aragón;2019M07;68.148
02 Aragón;2019M06;50.013
02 Aragón;2019M05;54.174
02 Aragón;2019M04;51.911
02 Aragón;2019M03;39.801
02 Aragón;2019M02;31.387
02 Aragón;2019M01;20.805
02 Aragón;2018M12;42.258
02 Aragón;2018M11;22.443
02 Aragón;2018M10;28.418
02 Aragón;2018M09;42.291
02 Aragón;2018M08;75.891
02 Aragón;2018M07;61.723
02 Aragón;2018M06;42.696
02 Aragón;2018M05;53.673
02 Aragón;2018M04;76.913
02 Aragón;2018M03;24.947
02 Aragón;2018M02;33.763
02 Aragón;2018M01;40.515
02 Aragón;2017M12;39.587
02 Aragón;2017M11;32.506
02 Aragón;2017M10;32.829
02 Aragón;2017M09;65.750
02 Aragón;2017M08;82.221
02 Aragón;2017M07;88.365
02 Aragón;2017M06;34.276
02 Aragón;2017M05;45.878
02 Aragón;2017M04;44.323
02 Aragón;2017M03;32.820
02 Aragón;2017M02;31.214
02 Aragón;2017M01;32.583
02 Aragón;2016M12;38.235
02 Aragón;2016M11;41.516
02 Aragón;2016M10;77.538
02 Aragón;2016M09;56.148
02 Aragón;2016M08;83.950
02 Aragón;2016M07;65.503
02 Aragón;2016M06;47.897
02 Aragón;2016M05;60.805
02 Aragón;2016M04;48.626
02 Aragón;2016M03;54.135
02 Aragón;2016M02;39.760
02 Aragón;2016M01;30.403
02 Aragón;2015M12;46.839
02 Aragón;2015M11;31.223
02 Aragón;2015M10;49.599
03 Asturias, Principado de;2024M12;.
03 Asturias, Principado de;2024M11;.
03 Asturias, Principado de;2024M10;19.607
03 Asturias, Principado de;2024M09;40.433
03 Asturias, Principado de;2024M08;49.406
03 Asturias, Principado de;2024M07;64.621
03 Asturias, Principado de;2024M06;27.389
03 Asturias, Principado de;2024M05;17.335
03 Asturias, Principado de;2024M04;.
03 Asturias, Principado de;2024M03;.
03 Asturias, Principado de;2024M02;18.550
03 Asturias, Principado de;2024M01;16.258
03 Asturias, Principado de;2023M12;.
03 Asturias, Principado de;2023M11;.
03 Asturias, Principado de;2023M10;18.816
03 Asturias, Principado de;2023M09;38.073
03 Asturias, Principado de;2023M08;67.459
03 Asturias, Principado de;2023M07;72.324
03 Asturias, Principado de;2023M06;39.591
03 Asturias, Principado de;2023M05;34.600
03 Asturias, Principado de;2023M04;24.392
03 Asturias, Principado de;2023M03;.
03 Asturias, Principado de;2023M02;16.165
03 Asturias, Principado de;2023M01;18.953
03 Asturias, Principado de;2022M12;11.574
03 Asturias, Principado de;2022M11;.
03 Asturias, Principado de;2022M10;27.622
03 Asturias, Principado de;2022M09;37.087
03 Asturias, Principado de;2022M08;43.565
03 Asturias, Principado de;2022M07;45.128
03 Asturias, Principado de;2022M06;24.581
03 Asturias, Principado de;2022M05;27.781
03 Asturias, Principado de;2022M04;14.189
03 Asturias, Principado de;2022M03;14.098
03 Asturias, Principado de;2022M02;10.778
03 Asturias, Principado de;2022M01;12.561
03 Asturias, Principado de;2021M12;18.139
03 Asturias, Principado de;2021M11;11.959
03 Asturias, Principado de;2021M10;22.812
03 Asturias, Principado de;2021M09;29.407
03 Asturias, Principado de;2021M08;27.634
03 Asturias, Principado de;2021M07;28.892
03 Asturias, Principado de;2021M06;7.032
03 Asturias, Principado de;2021M05;5.261
03 Asturias, Principado de;2021M04;.
03 Asturias, Principado de;2021M03;.
03 Asturias, Principado de;2021M02;.
03 Asturias, Principado de;2021M01;2.832
03 Asturias, Principado de;2020M12;.
03 Asturias, Principado de;2020M11;.
03 Asturias, Principado de;2020M10;5.917
03 Asturias, Principado de;2020M09;9.216
03 Asturias, Principado de;2020M08;23.912
03 Asturias, Principado de;2020M07;12.003
03 Asturias, Principado de;2020M06;.
03 Asturias, Principado de;2020M05;.
03 Asturias, Principado de;2020M04;.
03 Asturias, Principado de;2020M03;.
03 Asturias, Principado de;2020M02;.
03 Asturias, Principado de;2020M01;.
03 Asturias, Principado de;2019M12;.
03 Asturias, Principado de;2019M11;20.111
03 Asturias, Principado de;2019M10;28.409
03 Asturias, Principado de;2019M09;37.399
03 Asturias, Principado de;2019M08;48.358
03 Asturias, Principado de;2019M07;58.496
03 Asturias, Principado de;2019M06;30.738
03 Asturias, Principado de;2019M05;25.610
03 Asturias, Principado de;2019M04;.
03 Asturias, Principado de;2019M03;.
03 Asturias, Principado de;2019M02;.
03 Asturias, Principado de;2019M01;12.968
03 Asturias, Principado de;2018M12;23.417
03 Asturias, Principado de;2018M11;.
03 Asturias, Principado de;2018M10;21.367
03 Asturias, Principado de;2018M09;29.358
03 Asturias, Principado de;2018M08;55.930
03 Asturias, Principado de;2018M07;61.988
03 Asturias, Principado de;2018M06;20.996
03 Asturias, Principado de;2018M05;26.114
03 Asturias, Principado de;2018M04;19.043
03 Asturias, Principado de;2018M03;.
03 Asturias, Principado de;2018M02;.
03 Asturias, Principado de;2018M01;15.900
03 Asturias, Principado de;2017M12;.
03 Asturias, Principado de;2017M11;16.110
03 Asturias, Principado de;2017M10;16.164
03 Asturias, Principado de;2017M09;34.740
03 Asturias, Principado de;2017M08;48.327
03 Asturias, Principado de;2017M07;59.243
03 Asturias, Principado de;2017M06;17.759
03 Asturias, Principado de;2017M05;20.894
03 Asturias, Principado de;2017M04;16.274
03 Asturias, Principado de;2017M03;18.027
03 Asturias, Principado de;2017M02;16.166
03 Asturias, Principado de;2017M01;18.225
03 Asturias, Principado de;2016M12;.
03 Asturias, Principado de;2016M11;17.861
03 Asturias, Principado de;2016M10;12.441
03 Asturias, Principado de;2016M09;38.822
03 Asturias, Principado de;2016M08;52.938
03 Asturias, Principado de;2016M07;53.329
03 Asturias, Principado de;2016M06;19.386
03 Asturias, Principado de;2016M05;23.979
03 Asturias, Principado de;2016M04;11.857
03 Asturias, Principado de;2016M03;16.657
03 Asturias, Principado de;2016M02;8.340
03 Asturias, Principado de;2016M01;13.471
03 Asturias, Principado de;2015M12;16.997
03 Asturias, Principado de;2015M11;9.786
03 Asturias, Principado de;2015M10;17.410
04 Balears, Illes;2024M12;182.446
04 Balears, Illes;2024M11;219.713
04 Balears, Illes;2024M10;1.599.914
04 Balears, Illes;2024M09;2.147.685
04 Balears, Illes;2024M08;2.446.476
04 Balears, Illes;2024M07;2.542.500
04 Balears, Illes;2024M06;2.196.390
04 Balears, Illes;2024M05;1.997.977
04 Balears, Illes;2024M04;1.196.518
04 Balears, Illes;2024M03;428.232
04 Balears, Illes;2024M02;214.451
04 Balears, Illes;2024M01;139.268
04 Balears, Illes;2023M12;165.588
04 Balears, Illes;2023M11;213.740
04 Balears, Illes;2023M10;1.476.654
04 Balears, Illes;2023M09;2.061.298
04 Balears, Illes;2023M08;2.359.442
04 Balears, Illes;2023M07;2.437.374
04 Balears, Illes;2023M06;2.059.265
04 Balears, Illes;2023M05;1.797.943
04 Balears, Illes;2023M04;1.182.890
04 Balears, Illes;2023M03;360.815
04 Balears, Illes;2023M02;181.701
04 Balears, Illes;2023M01;127.802
04 Balears, Illes;2022M12;130.814
04 Balears, Illes;2022M11;165.387
04 Balears, Illes;2022M10;1.352.418
04 Balears, Illes;2022M09;1.897.022
04 Balears, Illes;2022M08;2.185.677
04 Balears, Illes;2022M07;2.273.277
04 Balears, Illes;2022M06;1.958.641
04 Balears, Illes;2022M05;1.630.611
04 Balears, Illes;2022M04;1.070.244
04 Balears, Illes;2022M03;306.983
04 Balears, Illes;2022M02;149.643
04 Balears, Illes;2022M01;83.167
04 Balears, Illes;2021M12;114.613
04 Balears, Illes;2021M11;148.414
04 Balears, Illes;2021M10;1.010.761
04 Balears, Illes;2021M09;1.167.722
04 Balears, Illes;2021M08;1.307.442
04 Balears, Illes;2021M07;1.320.144
04 Balears, Illes;2021M06;656.091
04 Balears, Illes;2021M05;380.859
04 Balears, Illes;2021M04;124.634
04 Balears, Illes;2021M03;65.660
04 Balears, Illes;2021M02;13.190
04 Balears, Illes;2021M01;15.182
04 Balears, Illes;2020M12;22.099
04 Balears, Illes;2020M11;20.103
04 Balears, Illes;2020M10;84.194
04 Balears, Illes;2020M09;119.145
04 Balears, Illes;2020M08;453.636
04 Balears, Illes;2020M07;588.448
04 Balears, Illes;2020M06;28.388
04 Balears, Illes;2020M05;.
04 Balears, Illes;2020M04;.
04 Balears, Illes;2020M03;115.784
04 Balears, Illes;2020M02;185.554
04 Balears, Illes;2020M01;103.772
04 Balears, Illes;2019M12;124.847
04 Balears, Illes;2019M11;182.713
04 Balears, Illes;2019M10;1.224.498
04 Balears, Illes;2019M09;2.006.475
04 Balears, Illes;2019M08;2.256.991
04 Balears, Illes;2019M07;2.344.094
04 Balears, Illes;2019M06;2.065.353
04 Balears, Illes;2019M05;1.701.167
04 Balears, Illes;2019M04;1.081.557
04 Balears, Illes;2019M03;365.813
04 Balears, Illes;2019M02;184.351
04 Balears, Illes;2019M01;141.922
04 Balears, Illes;2018M12;183.329
04 Balears, Illes;2018M11;188.018
04 Balears, Illes;2018M10;1.284.111
04 Balears, Illes;2018M09;2.031.600
04 Balears, Illes;2018M08;2.297.469
04 Balears, Illes;2018M07;2.429.816
04 Balears, Illes;2018M06;2.121.434
04 Balears, Illes;2018M05;1.708.101
04 Balears, Illes;2018M04;930.679
04 Balears, Illes;2018M03;401.293
04 Balears, Illes;2018M02;156.311
04 Balears, Illes;2018M01;119.437
04 Balears, Illes;2017M12;99.275
04 Balears, Illes;2017M11;177.426
04 Balears, Illes;2017M10;1.256.543
04 Balears, Illes;2017M09;2.009.288
04 Balears, Illes;2017M08;2.352.198
04 Balears, Illes;2017M07;2.484.880
04 Balears, Illes;2017M06;2.101.520
04 Balears, Illes;2017M05;1.717.352
04 Balears, Illes;2017M04;998.445
04 Balears, Illes;2017M03;325.442
04 Balears, Illes;2017M02;162.771
04 Balears, Illes;2017M01;107.156
04 Balears, Illes;2016M12;101.338
04 Balears, Illes;2016M11;152.665
04 Balears, Illes;2016M10;1.242.445
04 Balears, Illes;2016M09;1.861.414
04 Balears, Illes;2016M08;2.292.425
04 Balears, Illes;2016M07;2.359.490
04 Balears, Illes;2016M06;1.945.565
04 Balears, Illes;2016M05;1.612.832
04 Balears, Illes;2016M04;770.338
04 Balears, Illes;2016M03;391.922
04 Balears, Illes;2016M02;164.735
04 Balears, Illes;2016M01;102.379
04 Balears, Illes;2015M12;95.914
04 Balears, Illes;2015M11;125.595
04 Balears, Illes;2015M10;991.830
05 Canarias;2024M12;1.448.229
05 Canarias;2024M11;1.447.566
05 Canarias;2024M10;1.359.796
05 Canarias;2024M09;1.105.851
05 Canarias;2024M08;1.165.569
05 Canarias;2024M07;1.161.015
05 Canarias;2024M06;1.045.520
05 Canarias;2024M05;1.037.701
05 Canarias;2024M04;1.183.349
05 Canarias;2024M03;1.543.234
05 Canarias;2024M02;1.407.956
05 Canarias;2024M01;1.321.100
05 Canarias;2023M12;1.374.111
05 Canarias;2023M11;1.332.768
05 Canarias;2023M10;1.269.415
05 Canarias;2023M09;1.026.257
05 Canarias;2023M08;1.062.818
05 Canarias;2023M07;1.070.553
05 Canarias;2023M06;947.828
05 Canarias;2023M05;969.285
05 Canarias;2023M04;1.160.224
05 Canarias;2023M03;1.297.460
05 Canarias;2023M02;1.230.683
05 Canarias;2023M01;1.209.285
05 Canarias;2022M12;1.219.648
05 Canarias;2022M11;1.185.300
05 Canarias;2022M10;1.184.526
05 Canarias;2022M09;928.846
05 Canarias;2022M08;1.035.403
05 Canarias;2022M07;1.028.968
05 Canarias;2022M06;900.683
05 Canarias;2022M05;883.555
05 Canarias;2022M04;1.110.116
05 Canarias;2022M03;1.123.309
05 Canarias;2022M02;967.892
05 Canarias;2022M01;759.766
05 Canarias;2021M12;902.963
05 Canarias;2021M11;1.013.292
05 Canarias;2021M10;994.249
05 Canarias;2021M09;611.246
05 Canarias;2021M08;569.209
05 Canarias;2021M07;414.241
05 Canarias;2021M06;221.337
05 Canarias;2021M05;161.380
05 Canarias;2021M04;109.429
05 Canarias;2021M03;100.525
05 Canarias;2021M02;74.280
05 Canarias;2021M01;86.579
05 Canarias;2020M12;207.064
05 Canarias;2020M11;160.665
05 Canarias;2020M10;136.911
05 Canarias;2020M09;92.548
05 Canarias;2020M08;240.666
05 Canarias;2020M07;215.600
05 Canarias;2020M06;2.826
05 Canarias;2020M05;.
05 Canarias;2020M04;.
05 Canarias;2020M03;459.546
05 Canarias;2020M02;1.170.238
05 Canarias;2020M01;1.101.164
05 Canarias;2019M12;1.200.768
05 Canarias;2019M11;1.173.313
05 Canarias;2019M10;1.143.699
05 Canarias;2019M09;952.069
05 Canarias;2019M08;1.040.312
05 Canarias;2019M07;1.031.598
05 Canarias;2019M06;931.782
05 Canarias;2019M05;888.777
05 Canarias;2019M04;1.105.470
05 Canarias;2019M03;1.340.619
05 Canarias;2019M02;1.179.673
05 Canarias;2019M01;1.158.782
05 Canarias;2018M12;1.256.190
05 Canarias;2018M11;1.184.564
05 Canarias;2018M10;1.257.744
05 Canarias;2018M09;1.039.221
05 Canarias;2018M08;1.098.384
05 Canarias;2018M07;1.120.219
05 Canarias;2018M06;1.001.434
05 Canarias;2018M05;967.209
05 Canarias;2018M04;1.103.003
05 Canarias;2018M03;1.347.702
05 Canarias;2018M02;1.192.866
05 Canarias;2018M01;1.183.486
05 Canarias;2017M12;1.256.370
05 Canarias;2017M11;1.239.853
05 Canarias;2017M10;1.309.652
05 Canarias;2017M09;1.111.400
05 Canarias;2017M08;1.165.967
05 Canarias;2017M07;1.186.481
05 Canarias;2017M06;1.034.652
05 Canarias;2017M05;993.431
05 Canarias;2017M04;1.255.062
05 Canarias;2017M03;1.283.939
05 Canarias;2017M02;1.183.979
05 Canarias;2017M01;1.193.435
05 Canarias;2016M12;1.250.412
05 Canarias;2016M11;1.162.023
05 Canarias;2016M10;1.270.466
05 Canarias;2016M09;994.235
05 Canarias;2016M08;1.111.644
05 Canarias;2016M07;1.140.679
05 Canarias;2016M06;936.941
05 Canarias;2016M05;899.045
05 Canarias;2016M04;1.064.849
05 Canarias;2016M03;1.206.148
05 Canarias;2016M02;1.114.746
05 Canarias;2016M01;1.108.379
05 Canarias;2015M12;1.054.142
05 Canarias;2015M11;1.103.158
05 Canarias;2015M10;1.094.268
06 Cantabria;2024M12;15.186
06 Cantabria;2024M11;18.458
06 Cantabria;2024M10;40.395
06 Cantabria;2024M09;48.043
06 Cantabria;2024M08;86.089
06 Cantabria;2024M07;80.526
06 Cantabria;2024M06;46.833
06 Cantabria;2024M05;45.758
06 Cantabria;2024M04;39.991
06 Cantabria;2024M03;20.666
06 Cantabria;2024M02;12.680
06 Cantabria;2024M01;21.650
06 Cantabria;2023M12;29.980
06 Cantabria;2023M11;8.653
06 Cantabria;2023M10;28.701
06 Cantabria;2023M09;46.614
06 Cantabria;2023M08;91.420
06 Cantabria;2023M07;64.088
06 Cantabria;2023M06;42.514
06 Cantabria;2023M05;36.773
06 Cantabria;2023M04;27.923
06 Cantabria;2023M03;19.330
06 Cantabria;2023M02;22.382
06 Cantabria;2023M01;15.731
06 Cantabria;2022M12;20.030
06 Cantabria;2022M11;12.801
06 Cantabria;2022M10;29.954
06 Cantabria;2022M09;28.222
06 Cantabria;2022M08;66.068
06 Cantabria;2022M07;60.101
06 Cantabria;2022M06;28.058
06 Cantabria;2022M05;24.843
06 Cantabria;2022M04;22.489
06 Cantabria;2022M03;8.812
06 Cantabria;2022M02;11.418
06 Cantabria;2022M01;10.901
06 Cantabria;2021M12;9.684
06 Cantabria;2021M11;15.240
06 Cantabria;2021M10;21.504
06 Cantabria;2021M09;17.241
06 Cantabria;2021M08;32.162
06 Cantabria;2021M07;33.716
06 Cantabria;2021M06;13.330
06 Cantabria;2021M05;6.905
06 Cantabria;2021M04;4.630
06 Cantabria;2021M03;.
06 Cantabria;2021M02;.
06 Cantabria;2021M01;2.143
06 Cantabria;2020M12;4.014
06 Cantabria;2020M11;1.456
06 Cantabria;2020M10;11.843
06 Cantabria;2020M09;10.491
06 Cantabria;2020M08;27.655
06 Cantabria;2020M07;29.246
06 Cantabria;2020M06;.
06 Cantabria;2020M05;.
06 Cantabria;2020M04;.
06 Cantabria;2020M03;.
06 Cantabria;2020M02;.
06 Cantabria;2020M01;6.894
06 Cantabria;2019M12;10.712
06 Cantabria;2019M11;15.461
06 Cantabria;2019M10;39.366
06 Cantabria;2019M09;27.741
06 Cantabria;2019M08;92.124
06 Cantabria;2019M07;76.067
06 Cantabria;2019M06;33.971
06 Cantabria;2019M05;27.583
06 Cantabria;2019M04;25.474
06 Cantabria;2019M03;15.771
06 Cantabria;2019M02;8.184
06 Cantabria;2019M01;20.063
06 Cantabria;2018M12;12.742
06 Cantabria;2018M11;16.258
06 Cantabria;2018M10;24.301
06 Cantabria;2018M09;45.257
06 Cantabria;2018M08;77.148
06 Cantabria;2018M07;57.624
06 Cantabria;2018M06;33.684
06 Cantabria;2018M05;44.929
06 Cantabria;2018M04;28.130
06 Cantabria;2018M03;8.443
06 Cantabria;2018M02;15.296
06 Cantabria;2018M01;17.367
06 Cantabria;2017M12;12.958
06 Cantabria;2017M11;12.261
06 Cantabria;2017M10;34.970
06 Cantabria;2017M09;51.206
06 Cantabria;2017M08;78.876
06 Cantabria;2017M07;78.819
06 Cantabria;2017M06;30.707
06 Cantabria;2017M05;35.880
06 Cantabria;2017M04;31.262
06 Cantabria;2017M03;15.619
06 Cantabria;2017M02;14.737
06 Cantabria;2017M01;17.196
06 Cantabria;2016M12;13.313
06 Cantabria;2016M11;14.689
06 Cantabria;2016M10;26.074
06 Cantabria;2016M09;45.692
06 Cantabria;2016M08;60.933
06 Cantabria;2016M07;77.014
06 Cantabria;2016M06;39.192
06 Cantabria;2016M05;30.270
06 Cantabria;2016M04;22.713
06 Cantabria;2016M03;17.175
06 Cantabria;2016M02;21.386
06 Cantabria;2016M01;9.983
06 Cantabria;2015M12;17.256
06 Cantabria;2015M11;18.479
06 Cantabria;2015M10;37.710
07 Castilla y León;2024M12;92.841
07 Castilla y León;2024M11;90.712
07 Castilla y León;2024M10;110.480
07 Castilla y León;2024M09;130.832
07 Castilla y León;2024M08;225.748
07 Castilla y León;2024M07;150.968
07 Castilla y León;2024M06;103.669
07 Castilla y León;2024M05;104.328
07 Castilla y León;2024M04;99.439
07 Castilla y León;2024M03;85.602
07 Castilla y León;2024M02;73.406
07 Castilla y León;2024M01;85.279
07 Castilla y León;2023M12;96.570
07 Castilla y León;2023M11;58.486
07 Castilla y León;2023M10;93.621
07 Castilla y León;2023M09;115.988
07 Castilla y León;2023M08;214.915
07 Castilla y León;2023M07;149.407
07 Castilla y León;2023M06;79.480
07 Castilla y León;2023M05;92.042
07 Castilla y León;2023M04;120.598
07 Castilla y León;2023M03;64.195
07 Castilla y León;2023M02;57.905
07 Castilla y León;2023M01;73.998
07 Castilla y León;2022M12;77.016
07 Castilla y León;2022M11;51.306
07 Castilla y León;2022M10;83.901
07 Castilla y León;2022M09;103.457
07 Castilla y León;2022M08;192.637
07 Castilla y León;2022M07;138.681
07 Castilla y León;2022M06;79.097
07 Castilla y León;2022M05;81.951
07 Castilla y León;2022M04;79.909
07 Castilla y León;2022M03;44.873
07 Castilla y León;2022M02;40.417
07 Castilla y León;2022M01;43.262
07 Castilla y León;2021M12;55.435
07 Castilla y León;2021M11;46.409
07 Castilla y León;2021M10;54.440
07 Castilla y León;2021M09;61.729
07 Castilla y León;2021M08;90.230
07 Castilla y León;2021M07;66.681
07 Castilla y León;2021M06;34.768
07 Castilla y León;2021M05;31.231
07 Castilla y León;2021M04;13.649
07 Castilla y León;2021M03;12.729
07 Castilla y León;2021M02;9.842
07 Castilla y León;2021M01;22.226
07 Castilla y León;2020M12;22.728
07 Castilla y León;2020M11;9.910
07 Castilla y León;2020M10;36.386
07 Castilla y León;2020M09;34.071
07 Castilla y León;2020M08;71.188
07 Castilla y León;2020M07;57.594
07 Castilla y León;2020M06;.
07 Castilla y León;2020M05;.
07 Castilla y León;2020M04;.
07 Castilla y León;2020M03;38.669
07 Castilla y León;2020M02;83.648
07 Castilla y León;2020M01;72.290
07 Castilla y León;2019M12;66.761
07 Castilla y León;2019M11;67.470
07 Castilla y León;2019M10;136.196
07 Castilla y León;2019M09;135.259
07 Castilla y León;2019M08;215.384
07 Castilla y León;2019M07;121.951
07 Castilla y León;2019M06;120.283
07 Castilla y León;2019M05;116.357
07 Castilla y León;2019M04;101.835
07 Castilla y León;2019M03;90.555
07 Castilla y León;2019M02;49.930
07 Castilla y León;2019M01;64.218
07 Castilla y León;2018M12;75.440
07 Castilla y León;2018M11;86.524
07 Castilla y León;2018M10;114.853
07 Castilla y León;2018M09;135.590
07 Castilla y León;2018M08;251.256
07 Castilla y León;2018M07;131.575
07 Castilla y León;2018M06;101.224
07 Castilla y León;2018M05;123.615
07 Castilla y León;2018M04;117.466
07 Castilla y León;2018M03;92.494
07 Castilla y León;2018M02;60.836
07 Castilla y León;2018M01;83.592
07 Castilla y León;2017M12;73.640
07 Castilla y León;2017M11;61.960
07 Castilla y León;2017M10;114.733
07 Castilla y León;2017M09;137.293
07 Castilla y León;2017M08;254.118
07 Castilla y León;2017M07;229.178
07 Castilla y León;2017M06;116.955
07 Castilla y León;2017M05;145.631
07 Castilla y León;2017M04;128.877
07 Castilla y León;2017M03;82.902
07 Castilla y León;2017M02;47.672
07 Castilla y León;2017M01;65.587
07 Castilla y León;2016M12;79.838
07 Castilla y León;2016M11;72.520
07 Castilla y León;2016M10;98.522
07 Castilla y León;2016M09;155.882
07 Castilla y León;2016M08;236.355
07 Castilla y León;2016M07;140.187
07 Castilla y León;2016M06;93.953
07 Castilla y León;2016M05;102.486
07 Castilla y León;2016M04;97.628
07 Castilla y León;2016M03;66.783
07 Castilla y León;2016M02;39.775
07 Castilla y León;2016M01;41.401
07 Castilla y León;2015M12;69.920
07 Castilla y León;2015M11;62.519
07 Castilla y León;2015M10;124.362
08 Castilla - La Mancha;2024M12;.
08 Castilla - La Mancha;2024M11;.
08 Castilla - La Mancha;2024M10;17.419
08 Castilla - La Mancha;2024M09;22.383
08 Castilla - La Mancha;2024M08;27.150
08 Castilla - La Mancha;2024M07;25.556
08 Castilla - La Mancha;2024M06;15.739
08 Castilla - La Mancha;2024M05;.
08 Castilla - La Mancha;2024M04;.
08 Castilla - La Mancha;2024M03;.
08 Castilla - La Mancha;2024M02;.
08 Castilla - La Mancha;2024M01;27.244
08 Castilla - La Mancha;2023M12;.
08 Castilla - La Mancha;2023M11;.
08 Castilla - La Mancha;2023M10;21.800
08 Castilla - La Mancha;2023M09;22.787
08 Castilla - La Mancha;2023M08;24.456
08 Castilla - La Mancha;2023M07;13.297
08 Castilla - La Mancha;2023M06;.
08 Castilla - La Mancha;2023M05;.
08 Castilla - La Mancha;2023M04;30.140
08 Castilla - La Mancha;2023M03;.
08 Castilla - La Mancha;2023M02;.
08 Castilla - La Mancha;2023M01;24.021
08 Castilla - La Mancha;2022M12;.
08 Castilla - La Mancha;2022M11;.
08 Castilla - La Mancha;2022M10;18.773
08 Castilla - La Mancha;2022M09;28.896
08 Castilla - La Mancha;2022M08;18.897
08 Castilla - La Mancha;2022M07;21.873
08 Castilla - La Mancha;2022M06;10.674
08 Castilla - La Mancha;2022M05;22.601
08 Castilla - La Mancha;2022M04;17.944
08 Castilla - La Mancha;2022M03;11.051
08 Castilla - La Mancha;2022M02;.
08 Castilla - La Mancha;2022M01;10.405
08 Castilla - La Mancha;2021M12;12.969
08 Castilla - La Mancha;2021M11;.
08 Castilla - La Mancha;2021M10;17.936
08 Castilla - La Mancha;2021M09;15.150
08 Castilla - La Mancha;2021M08;12.388
08 Castilla - La Mancha;2021M07;11.670
08 Castilla - La Mancha;2021M06;6.199
08 Castilla - La Mancha;2021M05;3.663
08 Castilla - La Mancha;2021M04;.
08 Castilla - La Mancha;2021M03;.
08 Castilla - La Mancha;2021M02;.
08 Castilla - La Mancha;2021M01;4.401
08 Castilla - La Mancha;2020M12;22.485
08 Castilla - La Mancha;2020M11;3.693
08 Castilla - La Mancha;2020M10;3.825
08 Castilla - La Mancha;2020M09;7.557
08 Castilla - La Mancha;2020M08;8.747
08 Castilla - La Mancha;2020M07;7.625
08 Castilla - La Mancha;2020M06;.
08 Castilla - La Mancha;2020M05;.
08 Castilla - La Mancha;2020M04;.
08 Castilla - La Mancha;2020M03;.
08 Castilla - La Mancha;2020M02;.
08 Castilla - La Mancha;2020M01;22.625
08 Castilla - La Mancha;2019M12;21.207
08 Castilla - La Mancha;2019M11;13.442
08 Castilla - La Mancha;2019M10;20.476
08 Castilla - La Mancha;2019M09;23.361
08 Castilla - La Mancha;2019M08;34.873
08 Castilla - La Mancha;2019M07;24.003
08 Castilla - La Mancha;2019M06;19.678
08 Castilla - La Mancha;2019M05;20.950
08 Castilla - La Mancha;2019M04;18.294
08 Castilla - La Mancha;2019M03;25.270
08 Castilla - La Mancha;2019M02;19.447
08 Castilla - La Mancha;2019M01;21.043
08 Castilla - La Mancha;2018M12;.
08 Castilla - La Mancha;2018M11;.
08 Castilla - La Mancha;2018M10;21.964
08 Castilla - La Mancha;2018M09;24.483
08 Castilla - La Mancha;2018M08;34.430
08 Castilla - La Mancha;2018M07;19.817
08 Castilla - La Mancha;2018M06;16.757
08 Castilla - La Mancha;2018M05;.
08 Castilla - La Mancha;2018M04;24.811
08 Castilla - La Mancha;2018M03;.
08 Castilla - La Mancha;2018M02;11.535
08 Castilla - La Mancha;2018M01;16.726
08 Castilla - La Mancha;2017M12;.
08 Castilla - La Mancha;2017M11;.
08 Castilla - La Mancha;2017M10;.
08 Castilla - La Mancha;2017M09;21.855
08 Castilla - La Mancha;2017M08;30.674
08 Castilla - La Mancha;2017M07;19.642
08 Castilla - La Mancha;2017M06;.
08 Castilla - La Mancha;2017M05;.
08 Castilla - La Mancha;2017M04;20.832
08 Castilla - La Mancha;2017M03;21.648
08 Castilla - La Mancha;2017M02;10.201
08 Castilla - La Mancha;2017M01;22.629
08 Castilla - La Mancha;2016M12;16.278
08 Castilla - La Mancha;2016M11;.
08 Castilla - La Mancha;2016M10;.
08 Castilla - La Mancha;2016M09;21.727
08 Castilla - La Mancha;2016M08;36.481
08 Castilla - La Mancha;2016M07;18.146
08 Castilla - La Mancha;2016M06;26.200
08 Castilla - La Mancha;2016M05;12.712
08 Castilla - La Mancha;2016M04;20.722
08 Castilla - La Mancha;2016M03;.
08 Castilla - La Mancha;2016M02;.
08 Castilla - La Mancha;2016M01;14.480
08 Castilla - La Mancha;2015M12;17.931
08 Castilla - La Mancha;2015M11;.
08 Castilla - La Mancha;2015M10;.
09 Cataluña;2024M12;1.073.406
09 Cataluña;2024M11;1.256.642
09 Cataluña;2024M10;1.827.361
09 Cataluña;2024M09;2.033.263
09 Cataluña;2024M08;2.287.846
09 Cataluña;2024M07;2.394.535
09 Cataluña;2024M06;2.003.863
09 Cataluña;2024M05;2.038.608
09 Cataluña;2024M04;1.669.473
09 Cataluña;2024M03;1.346.429
09 Cataluña;2024M02;1.049.744
09 Cataluña;2024M01;958.726
09 Cataluña;2023M12;1.020.095
09 Cataluña;2023M11;1.145.608
09 Cataluña;2023M10;1.669.786
09 Cataluña;2023M09;1.818.670
09 Cataluña;2023M08;2.154.210
09 Cataluña;2023M07;2.309.021
09 Cataluña;2023M06;1.819.708
09 Cataluña;2023M05;1.924.278
09 Cataluña;2023M04;1.541.270
09 Cataluña;2023M03;1.052.638
09 Cataluña;2023M02;930.178
09 Cataluña;2023M01;797.150
09 Cataluña;2022M12;814.112
09 Cataluña;2022M11;957.123
09 Cataluña;2022M10;1.484.838
09 Cataluña;2022M09;1.642.389
09 Cataluña;2022M08;1.901.752
09 Cataluña;2022M07;1.995.729
09 Cataluña;2022M06;1.631.067
09 Cataluña;2022M05;1.474.935
09 Cataluña;2022M04;1.156.887
09 Cataluña;2022M03;708.963
09 Cataluña;2022M02;619.075
09 Cataluña;2022M01;465.172
09 Cataluña;2021M12;558.338
09 Cataluña;2021M11;616.059
09 Cataluña;2021M10;868.763
09 Cataluña;2021M09;877.825
09 Cataluña;2021M08;1.076.756
09 Cataluña;2021M07;815.654
09 Cataluña;2021M06;404.336
09 Cataluña;2021M05;251.155
09 Cataluña;2021M04;93.535
09 Cataluña;2021M03;85.627
09 Cataluña;2021M02;54.348
09 Cataluña;2021M01;85.440
09 Cataluña;2020M12;97.489
09 Cataluña;2020M11;58.838
09 Cataluña;2020M10;231.004
09 Cataluña;2020M09;275.206
09 Cataluña;2020M08;458.349
09 Cataluña;2020M07;436.941
09 Cataluña;2020M06;76.780
09 Cataluña;2020M05;.
09 Cataluña;2020M04;.
09 Cataluña;2020M03;399.140
09 Cataluña;2020M02;966.356
09 Cataluña;2020M01;870.157
09 Cataluña;2019M12;993.169
09 Cataluña;2019M11;1.047.153
09 Cataluña;2019M10;1.676.430
09 Cataluña;2019M09;2.011.704
09 Cataluña;2019M08;2.363.331
09 Cataluña;2019M07;2.378.593
09 Cataluña;2019M06;2.176.726
09 Cataluña;2019M05;1.835.129
09 Cataluña;2019M04;1.671.426
09 Cataluña;2019M03;1.280.871
09 Cataluña;2019M02;1.030.292
09 Cataluña;2019M01;910.329
09 Cataluña;2018M12;969.322
09 Cataluña;2018M11;1.034.633
09 Cataluña;2018M10;1.665.215
09 Cataluña;2018M09;2.007.474
09 Cataluña;2018M08;2.433.300
09 Cataluña;2018M07;2.427.842
09 Cataluña;2018M06;2.104.373
09 Cataluña;2018M05;1.885.365
09 Cataluña;2018M04;1.570.899
09 Cataluña;2018M03;1.217.330
09 Cataluña;2018M02;1.015.793
09 Cataluña;2018M01;864.798
09 Cataluña;2017M12;822.765
09 Cataluña;2017M11;981.462
09 Cataluña;2017M10;1.497.032
09 Cataluña;2017M09;1.999.689
09 Cataluña;2017M08;2.567.612
09 Cataluña;2017M07;2.557.125
09 Cataluña;2017M06;2.026.356
09 Cataluña;2017M05;1.920.946
09 Cataluña;2017M04;1.755.019
09 Cataluña;2017M03;1.155.003
09 Cataluña;2017M02;989.198
09 Cataluña;2017M01;846.213
09 Cataluña;2016M12;956.468
09 Cataluña;2016M11;1.009.971
09 Cataluña;2016M10;1.562.897
09 Cataluña;2016M09;1.876.937
09 Cataluña;2016M08;2.501.193
09 Cataluña;2016M07;2.394.803
09 Cataluña;2016M06;1.850.823
09 Cataluña;2016M05;1.630.433
09 Cataluña;2016M04;1.483.021
09 Cataluña;2016M03;1.076.434
09 Cataluña;2016M02;930.354
09 Cataluña;2016M01;865.842
09 Cataluña;2015M12;890.133
09 Cataluña;2015M11;1.029.270
09 Cataluña;2015M10;1.521.926
10 Comunitat Valenciana;2024M12;667.825
10 Comunitat Valenciana;2024M11;680.693
10 Comunitat Valenciana;2024M10;1.134.923
10 Comunitat Valenciana;2024M09;1.196.583
10 Comunitat Valenciana;2024M08;1.472.421
10 Comunitat Valenciana;2024M07;1.476.378
10 Comunitat Valenciana;2024M06;1.120.102
10 Comunitat Valenciana;2024M05;1.152.053
10 Comunitat Valenciana;2024M04;1.007.531
10 Comunitat Valenciana;2024M03;826.970
10 Comunitat Valenciana;2024M02;583.470
10 Comunitat Valenciana;2024M01;619.718
10 Comunitat Valenciana;2023M12;712.546
10 Comunitat Valenciana;2023M11;653.407
10 Comunitat Valenciana;2023M10;1.033.167
10 Comunitat Valenciana;2023M09;1.042.340
10 Comunitat Valenciana;2023M08;1.272.665
10 Comunitat Valenciana;2023M07;1.332.110
10 Comunitat Valenciana;2023M06;937.202
10 Comunitat Valenciana;2023M05;1.001.303
10 Comunitat Valenciana;2023M04;866.776
10 Comunitat Valenciana;2023M03;660.566
10 Comunitat Valenciana;2023M02;481.913
10 Comunitat Valenciana;2023M01;480.171
10 Comunitat Valenciana;2022M12;513.864
10 Comunitat Valenciana;2022M11;519.058
10 Comunitat Valenciana;2022M10;865.642
10 Comunitat Valenciana;2022M09;937.745
10 Comunitat Valenciana;2022M08;1.057.976
10 Comunitat Valenciana;2022M07;1.126.932
10 Comunitat Valenciana;2022M06;850.991
10 Comunitat Valenciana;2022M05;793.403
10 Comunitat Valenciana;2022M04;785.176
10 Comunitat Valenciana;2022M03;491.399
10 Comunitat Valenciana;2022M02;393.393
10 Comunitat Valenciana;2022M01;280.868
10 Comunitat Valenciana;2021M12;381.422
10 Comunitat Valenciana;2021M11;384.253
10 Comunitat Valenciana;2021M10;641.582
10 Comunitat Valenciana;2021M09;641.919
10 Comunitat Valenciana;2021M08;754.050
10 Comunitat Valenciana;2021M07;607.165
10 Comunitat Valenciana;2021M06;271.231
10 Comunitat Valenciana;2021M05;141.587
10 Comunitat Valenciana;2021M04;71.493
10 Comunitat Valenciana;2021M03;46.945
10 Comunitat Valenciana;2021M02;28.152
10 Comunitat Valenciana;2021M01;49.970
10 Comunitat Valenciana;2020M12;71.873
10 Comunitat Valenciana;2020M11;53.870
10 Comunitat Valenciana;2020M10;177.332
10 Comunitat Valenciana;2020M09;185.154
10 Comunitat Valenciana;2020M08;429.850
10 Comunitat Valenciana;2020M07;383.051
10 Comunitat Valenciana;2020M06;31.385
10 Comunitat Valenciana;2020M05;.
10 Comunitat Valenciana;2020M04;.
10 Comunitat Valenciana;2020M03;248.509
10 Comunitat Valenciana;2020M02;528.712
10 Comunitat Valenciana;2020M01;433.023
10 Comunitat Valenciana;2019M12;454.520
10 Comunitat Valenciana;2019M11;541.121
10 Comunitat Valenciana;2019M10;870.088
10 Comunitat Valenciana;2019M09;1.011.901
10 Comunitat Valenciana;2019M08;1.270.706
10 Comunitat Valenciana;2019M07;1.243.375
10 Comunitat Valenciana;2019M06;938.591
10 Comunitat Valenciana;2019M05;857.711
10 Comunitat Valenciana;2019M04;826.158
10 Comunitat Valenciana;2019M03;648.462
10 Comunitat Valenciana;2019M02;459.309
10 Comunitat Valenciana;2019M01;413.553
10 Comunitat Valenciana;2018M12;427.830
10 Comunitat Valenciana;2018M11;497.041
10 Comunitat Valenciana;2018M10;861.013
10 Comunitat Valenciana;2018M09;1.005.841
10 Comunitat Valenciana;2018M08;1.175.555
10 Comunitat Valenciana;2018M07;1.132.280
10 Comunitat Valenciana;2018M06;901.232
10 Comunitat Valenciana;2018M05;910.651
10 Comunitat Valenciana;2018M04;769.612
10 Comunitat Valenciana;2018M03;625.460
10 Comunitat Valenciana;2018M02;449.519
10 Comunitat Valenciana;2018M01;450.874
10 Comunitat Valenciana;2017M12;400.590
10 Comunitat Valenciana;2017M11;452.023
10 Comunitat Valenciana;2017M10;812.655
10 Comunitat Valenciana;2017M09;982.638
10 Comunitat Valenciana;2017M08;1.158.902
10 Comunitat Valenciana;2017M07;1.217.502
10 Comunitat Valenciana;2017M06;873.923
10 Comunitat Valenciana;2017M05;918.843
10 Comunitat Valenciana;2017M04;749.885
10 Comunitat Valenciana;2017M03;526.701
10 Comunitat Valenciana;2017M02;429.384
10 Comunitat Valenciana;2017M01;402.914
10 Comunitat Valenciana;2016M12;366.649
10 Comunitat Valenciana;2016M11;377.912
10 Comunitat Valenciana;2016M10;761.381
10 Comunitat Valenciana;2016M09;779.057
10 Comunitat Valenciana;2016M08;1.117.241
10 Comunitat Valenciana;2016M07;1.040.949
10 Comunitat Valenciana;2016M06;729.855
10 Comunitat Valenciana;2016M05;767.289
10 Comunitat Valenciana;2016M04;643.239
10 Comunitat Valenciana;2016M03;480.476
10 Comunitat Valenciana;2016M02;349.586
10 Comunitat Valenciana;2016M01;318.136
10 Comunitat Valenciana;2015M12;320.260
10 Comunitat Valenciana;2015M11;319.290
10 Comunitat Valenciana;2015M10;624.144
11 Extremadura;2024M12;.
11 Extremadura;2024M11;.
11 Extremadura;2024M10;.
11 Extremadura;2024M09;.
11 Extremadura;2024M08;25.077
11 Extremadura;2024M07;.
11 Extremadura;2024M06;.
11 Extremadura;2024M05;17.704
11 Extremadura;2024M04;.
11 Extremadura;2024M03;.
11 Extremadura;2024M02;.
11 Extremadura;2024M01;16.418
11 Extremadura;2023M12;.
11 Extremadura;2023M11;.
11 Extremadura;2023M10;20.867
11 Extremadura;2023M09;17.274
11 Extremadura;2023M08;34.651
11 Extremadura;2023M07;32.661
11 Extremadura;2023M06;.
11 Extremadura;2023M05;.
11 Extremadura;2023M04;24.922
11 Extremadura;2023M03;.
11 Extremadura;2023M02;.
11 Extremadura;2023M01;28.200
11 Extremadura;2022M12;.
11 Extremadura;2022M11;.
11 Extremadura;2022M10;25.867
11 Extremadura;2022M09;29.947
11 Extremadura;2022M08;36.767
11 Extremadura;2022M07;38.624
11 Extremadura;2022M06;.
11 Extremadura;2022M05;32.484
11 Extremadura;2022M04;22.960
11 Extremadura;2022M03;23.144
11 Extremadura;2022M02;.
11 Extremadura;2022M01;24.188
11 Extremadura;2021M12;.
11 Extremadura;2021M11;25.825
11 Extremadura;2021M10;29.070
11 Extremadura;2021M09;30.292
11 Extremadura;2021M08;23.904
11 Extremadura;2021M07;26.064
11 Extremadura;2021M06;.
11 Extremadura;2021M05;.
11 Extremadura;2021M04;.
11 Extremadura;2021M03;.
11 Extremadura;2021M02;.
11 Extremadura;2021M01;11.679
11 Extremadura;2020M12;.
11 Extremadura;2020M11;.
11 Extremadura;2020M10;.
11 Extremadura;2020M09;13.398
11 Extremadura;2020M08;12.517
11 Extremadura;2020M07;.
11 Extremadura;2020M06;.
11 Extremadura;2020M05;.
11 Extremadura;2020M04;.
11 Extremadura;2020M03;.
11 Extremadura;2020M02;.
11 Extremadura;2020M01;.
11 Extremadura;2019M12;.
11 Extremadura;2019M11;.
11 Extremadura;2019M10;83.353
11 Extremadura;2019M09;.
11 Extremadura;2019M08;35.727
11 Extremadura;2019M07;.
11 Extremadura;2019M06;.
11 Extremadura;2019M05;.
11 Extremadura;2019M04;45.276
11 Extremadura;2019M03;.
11 Extremadura;2019M02;.
11 Extremadura;2019M01;.
11 Extremadura;2018M12;.
11 Extremadura;2018M11;.
11 Extremadura;2018M10;.
11 Extremadura;2018M09;.
11 Extremadura;2018M08;38.963
11 Extremadura;2018M07;40.495
11 Extremadura;2018M06;.
11 Extremadura;2018M05;38.674
11 Extremadura;2018M04;61.924
11 Extremadura;2018M03;.
11 Extremadura;2018M02;.
11 Extremadura;2018M01;23.150
11 Extremadura;2017M12;.
11 Extremadura;2017M11;24.117
11 Extremadura;2017M10;31.530
11 Extremadura;2017M09;.
11 Extremadura;2017M08;49.555
11 Extremadura;2017M07;28.954
11 Extremadura;2017M06;.
11 Extremadura;2017M05;.
11 Extremadura;2017M04;41.440
11 Extremadura;2017M03;.
11 Extremadura;2017M02;.
11 Extremadura;2017M01;24.059
11 Extremadura;2016M12;.
11 Extremadura;2016M11;.
11 Extremadura;2016M10;.
11 Extremadura;2016M09;33.791
11 Extremadura;2016M08;42.408
11 Extremadura;2016M07;29.858
11 Extremadura;2016M06;.
11 Extremadura;2016M05;17.034
11 Extremadura;2016M04;.
11 Extremadura;2016M03;.
11 Extremadura;2016M02;.
11 Extremadura;2016M01;.
11 Extremadura;2015M12;20.886
11 Extremadura;2015M11;.
11 Extremadura;2015M10;23.600
12 Galicia;2024M12;159.658
12 Galicia;2024M11;108.397
12 Galicia;2024M10;148.310
12 Galicia;2024M09;187.066
12 Galicia;2024M08;305.870
12 Galicia;2024M07;184.325
12 Galicia;2024M06;158.761
12 Galicia;2024M05;179.368
12 Galicia;2024M04;146.668
12 Galicia;2024M03;96.705
12 Galicia;2024M02;79.395
12 Galicia;2024M01;87.334
12 Galicia;2023M12;184.891
12 Galicia;2023M11;77.064
12 Galicia;2023M10;132.476
12 Galicia;2023M09;166.960
12 Galicia;2023M08;276.973
12 Galicia;2023M07;163.065
12 Galicia;2023M06;128.255
12 Galicia;2023M05;133.344
12 Galicia;2023M04;119.551
12 Galicia;2023M03;86.616
12 Galicia;2023M02;70.892
12 Galicia;2023M01;76.843
12 Galicia;2022M12;105.967
12 Galicia;2022M11;65.194
12 Galicia;2022M10;107.745
12 Galicia;2022M09;136.756
12 Galicia;2022M08;185.975
12 Galicia;2022M07;163.869
12 Galicia;2022M06;114.104
12 Galicia;2022M05;109.891
12 Galicia;2022M04;99.487
12 Galicia;2022M03;66.237
12 Galicia;2022M02;56.037
12 Galicia;2022M01;60.632
12 Galicia;2021M12;66.480
12 Galicia;2021M11;71.257
12 Galicia;2021M10;93.770
12 Galicia;2021M09;101.906
12 Galicia;2021M08;160.711
12 Galicia;2021M07;101.975
12 Galicia;2021M06;64.507
12 Galicia;2021M05;44.381
12 Galicia;2021M04;20.330
12 Galicia;2021M03;14.907
12 Galicia;2021M02;12.895
12 Galicia;2021M01;19.333
12 Galicia;2020M12;28.072
12 Galicia;2020M11;20.396
12 Galicia;2020M10;55.011
12 Galicia;2020M09;56.094
12 Galicia;2020M08;99.146
12 Galicia;2020M07;83.676
12 Galicia;2020M06;.
12 Galicia;2020M05;.
12 Galicia;2020M04;.
12 Galicia;2020M03;35.058
12 Galicia;2020M02;78.075
12 Galicia;2020M01;83.310
12 Galicia;2019M12;81.580
12 Galicia;2019M11;78.657
12 Galicia;2019M10;130.287
12 Galicia;2019M09;182.609
12 Galicia;2019M08;287.257
12 Galicia;2019M07;191.003
12 Galicia;2019M06;145.895
12 Galicia;2019M05;115.939
12 Galicia;2019M04;146.827
12 Galicia;2019M03;98.314
12 Galicia;2019M02;84.720
12 Galicia;2019M01;81.621
12 Galicia;2018M12;83.044
12 Galicia;2018M11;78.633
12 Galicia;2018M10;125.067
12 Galicia;2018M09;183.893
12 Galicia;2018M08;279.522
12 Galicia;2018M07;162.782
12 Galicia;2018M06;133.330
12 Galicia;2018M05;147.640
12 Galicia;2018M04;125.284
12 Galicia;2018M03;73.111
12 Galicia;2018M02;54.926
12 Galicia;2018M01;65.278
12 Galicia;2017M12;80.079
12 Galicia;2017M11;79.861
12 Galicia;2017M10;108.060
12 Galicia;2017M09;168.984
12 Galicia;2017M08;232.519
12 Galicia;2017M07;180.856
12 Galicia;2017M06;148.014
12 Galicia;2017M05;98.748
12 Galicia;2017M04;74.150
12 Galicia;2017M03;43.809
12 Galicia;2017M02;33.868
12 Galicia;2017M01;42.138
12 Galicia;2016M12;52.879
12 Galicia;2016M11;62.840
12 Galicia;2016M10;92.218
12 Galicia;2016M09;99.596
12 Galicia;2016M08;210.776
12 Galicia;2016M07;131.729
12 Galicia;2016M06;116.353
12 Galicia;2016M05;74.531
12 Galicia;2016M04;84.820
12 Galicia;2016M03;41.650
12 Galicia;2016M02;36.099
12 Galicia;2016M01;31.655
12 Galicia;2015M12;29.019
12 Galicia;2015M11;40.529
12 Galicia;2015M10;103.929
13 Madrid, Comunidad de;2024M12;602.274
13 Madrid, Comunidad de;2024M11;718.300
13 Madrid, Comunidad de;2024M10;864.513
13 Madrid, Comunidad de;2024M09;817.242
13 Madrid, Comunidad de;2024M08;639.316
13 Madrid, Comunidad de;2024M07;743.601
13 Madrid, Comunidad de;2024M06;844.277
13 Madrid, Comunidad de;2024M05;878.117
13 Madrid, Comunidad de;2024M04;809.329
13 Madrid, Comunidad de;2024M03;711.554
13 Madrid, Comunidad de;2024M02;585.156
13 Madrid, Comunidad de;2024M01;609.325
13 Madrid, Comunidad de;2023M12;605.809
13 Madrid, Comunidad de;2023M11;673.552
13 Madrid, Comunidad de;2023M10;822.942
13 Madrid, Comunidad de;2023M09;769.335
13 Madrid, Comunidad de;2023M08;625.174
13 Madrid, Comunidad de;2023M07;664.448
13 Madrid, Comunidad de;2023M06;745.111
13 Madrid, Comunidad de;2023M05;706.226
13 Madrid, Comunidad de;2023M04;666.477
13 Madrid, Comunidad de;2023M03;594.544
13 Madrid, Comunidad de;2023M02;453.650
13 Madrid, Comunidad de;2023M01;518.799
13 Madrid, Comunidad de;2022M12;440.604
13 Madrid, Comunidad de;2022M11;540.723
13 Madrid, Comunidad de;2022M10;688.660
13 Madrid, Comunidad de;2022M09;602.463
13 Madrid, Comunidad de;2022M08;447.380
13 Madrid, Comunidad de;2022M07;626.638
13 Madrid, Comunidad de;2022M06;605.892
13 Madrid, Comunidad de;2022M05;571.014
13 Madrid, Comunidad de;2022M04;546.380
13 Madrid, Comunidad de;2022M03;447.532
13 Madrid, Comunidad de;2022M02;282.914
13 Madrid, Comunidad de;2022M01;247.982
13 Madrid, Comunidad de;2021M12;292.788
13 Madrid, Comunidad de;2021M11;375.608
13 Madrid, Comunidad de;2021M10;362.704
13 Madrid, Comunidad de;2021M09;258.228
13 Madrid, Comunidad de;2021M08;231.016
13 Madrid, Comunidad de;2021M07;219.112
13 Madrid, Comunidad de;2021M06;139.091
13 Madrid, Comunidad de;2021M05;86.696
13 Madrid, Comunidad de;2021M04;65.324
13 Madrid, Comunidad de;2021M03;69.319
13 Madrid, Comunidad de;2021M02;31.596
13 Madrid, Comunidad de;2021M01;45.585
13 Madrid, Comunidad de;2020M12;47.914
13 Madrid, Comunidad de;2020M11;45.352
13 Madrid, Comunidad de;2020M10;39.638
13 Madrid, Comunidad de;2020M09;48.085
13 Madrid, Comunidad de;2020M08;60.772
13 Madrid, Comunidad de;2020M07;76.258
13 Madrid, Comunidad de;2020M06;20.221
13 Madrid, Comunidad de;2020M05;.
13 Madrid, Comunidad de;2020M04;.
13 Madrid, Comunidad de;2020M03;250.316
13 Madrid, Comunidad de;2020M02;518.594
13 Madrid, Comunidad de;2020M01;611.184
13 Madrid, Comunidad de;2019M12;528.787
13 Madrid, Comunidad de;2019M11;665.927
13 Madrid, Comunidad de;2019M10;742.086
13 Madrid, Comunidad de;2019M09;667.799
13 Madrid, Comunidad de;2019M08;542.359
13 Madrid, Comunidad de;2019M07;626.031
13 Madrid, Comunidad de;2019M06;702.026
13 Madrid, Comunidad de;2019M05;758.323
13 Madrid, Comunidad de;2019M04;640.694
13 Madrid, Comunidad de;2019M03;683.364
13 Madrid, Comunidad de;2019M02;499.245
13 Madrid, Comunidad de;2019M01;584.339
13 Madrid, Comunidad de;2018M12;526.753
13 Madrid, Comunidad de;2018M11;603.691
13 Madrid, Comunidad de;2018M10;709.987
13 Madrid, Comunidad de;2018M09;697.128
13 Madrid, Comunidad de;2018M08;507.079
13 Madrid, Comunidad de;2018M07;619.516
13 Madrid, Comunidad de;2018M06;603.147
13 Madrid, Comunidad de;2018M05;659.045
13 Madrid, Comunidad de;2018M04;631.303
13 Madrid, Comunidad de;2018M03;560.178
13 Madrid, Comunidad de;2018M02;485.810
13 Madrid, Comunidad de;2018M01;536.137
13 Madrid, Comunidad de;2017M12;476.155
13 Madrid, Comunidad de;2017M11;534.430
13 Madrid, Comunidad de;2017M10;628.904
13 Madrid, Comunidad de;2017M09;639.120
13 Madrid, Comunidad de;2017M08;530.335
13 Madrid, Comunidad de;2017M07;579.523
13 Madrid, Comunidad de;2017M06;594.801
13 Madrid, Comunidad de;2017M05;624.915
13 Madrid, Comunidad de;2017M04;672.738
13 Madrid, Comunidad de;2017M03;478.054
13 Madrid, Comunidad de;2017M02;450.927
13 Madrid, Comunidad de;2017M01;489.884
13 Madrid, Comunidad de;2016M12;431.820
13 Madrid, Comunidad de;2016M11;454.904
13 Madrid, Comunidad de;2016M10;584.304
13 Madrid, Comunidad de;2016M09;581.127
13 Madrid, Comunidad de;2016M08;491.071
13 Madrid, Comunidad de;2016M07;514.073
13 Madrid, Comunidad de;2016M06;455.275
13 Madrid, Comunidad de;2016M05;559.893
13 Madrid, Comunidad de;2016M04;600.945
13 Madrid, Comunidad de;2016M03;379.512
13 Madrid, Comunidad de;2016M02;332.794
13 Madrid, Comunidad de;2016M01;397.420
13 Madrid, Comunidad de;2015M12;332.461
13 Madrid, Comunidad de;2015M11;371.205
13 Madrid, Comunidad de;2015M10;562.247
14 Murcia, Región de;2024M12;74.691
14 Murcia, Región de;2024M11;70.815
14 Murcia, Región de;2024M10;98.554
14 Murcia, Región de;2024M09;110.278
14 Murcia, Región de;2024M08;187.089
14 Murcia, Región de;2024M07;141.135
14 Murcia, Región de;2024M06;92.858
14 Murcia, Región de;2024M05;103.764
14 Murcia, Región de;2024M04;110.914
14 Murcia, Región de;2024M03;64.198
14 Murcia, Región de;2024M02;47.750
14 Murcia, Región de;2024M01;56.155
14 Murcia, Región de;2023M12;72.216
14 Murcia, Región de;2023M11;59.130
14 Murcia, Región de;2023M10;87.641
14 Murcia, Región de;2023M09;103.720
14 Murcia, Región de;2023M08;144.958
14 Murcia, Región de;2023M07;100.080
14 Murcia, Región de;2023M06;90.959
14 Murcia, Región de;2023M05;69.173
14 Murcia, Región de;2023M04;93.528
14 Murcia, Región de;2023M03;54.887
14 Murcia, Región de;2023M02;40.683
14 Murcia, Región de;2023M01;59.537
14 Murcia, Región de;2022M12;47.517
14 Murcia, Región de;2022M11;39.999
14 Murcia, Región de;2022M10;65.418
14 Murcia, Región de;2022M09;84.425
14 Murcia, Región de;2022M08;105.005
14 Murcia, Región de;2022M07;124.620
14 Murcia, Región de;2022M06;72.230
14 Murcia, Región de;2022M05;74.749
14 Murcia, Región de;2022M04;81.922
14 Murcia, Región de;2022M03;50.803
14 Murcia, Región de;2022M02;35.504
14 Murcia, Región de;2022M01;39.041
14 Murcia, Región de;2021M12;47.624
14 Murcia, Región de;2021M11;39.872
14 Murcia, Región de;2021M10;67.603
14 Murcia, Región de;2021M09;62.377
14 Murcia, Región de;2021M08;61.725
14 Murcia, Región de;2021M07;50.146
14 Murcia, Región de;2021M06;24.099
14 Murcia, Región de;2021M05;14.672
14 Murcia, Región de;2021M04;5.587
14 Murcia, Región de;2021M03;2.506
14 Murcia, Región de;2021M02;2.212
14 Murcia, Región de;2021M01;6.806
14 Murcia, Región de;2020M12;8.208
14 Murcia, Región de;2020M11;5.610
14 Murcia, Región de;2020M10;16.894
14 Murcia, Región de;2020M09;17.761
14 Murcia, Región de;2020M08;40.072
14 Murcia, Región de;2020M07;40.628
14 Murcia, Región de;2020M06;1.841
14 Murcia, Región de;2020M05;.
14 Murcia, Región de;2020M04;.
14 Murcia, Región de;2020M03;27.420
14 Murcia, Región de;2020M02;68.750
14 Murcia, Región de;2020M01;52.061
14 Murcia, Región de;2019M12;37.938
14 Murcia, Región de;2019M11;48.883
14 Murcia, Región de;2019M10;83.628
14 Murcia, Región de;2019M09;111.170
14 Murcia, Región de;2019M08;150.187
14 Murcia, Región de;2019M07;140.376
14 Murcia, Región de;2019M06;103.546
14 Murcia, Región de;2019M05;94.521
14 Murcia, Región de;2019M04;104.609
14 Murcia, Región de;2019M03;56.529
14 Murcia, Región de;2019M02;55.552
14 Murcia, Región de;2019M01;50.880
14 Murcia, Región de;2018M12;50.250
14 Murcia, Región de;2018M11;52.376
14 Murcia, Región de;2018M10;112.675
14 Murcia, Región de;2018M09;118.832
14 Murcia, Región de;2018M08;144.413
14 Murcia, Región de;2018M07;153.107
14 Murcia, Región de;2018M06;104.715
14 Murcia, Región de;2018M05;110.828
14 Murcia, Región de;2018M04;107.628
14 Murcia, Región de;2018M03;87.104
14 Murcia, Región de;2018M02;43.490
14 Murcia, Región de;2018M01;48.771
14 Murcia, Región de;2017M12;63.176
14 Murcia, Región de;2017M11;69.430
14 Murcia, Región de;2017M10;92.335
14 Murcia, Región de;2017M09;83.224
14 Murcia, Región de;2017M08;136.977
14 Murcia, Región de;2017M07;127.273
14 Murcia, Región de;2017M06;75.891
14 Murcia, Región de;2017M05;65.688
14 Murcia, Región de;2017M04;110.740
14 Murcia, Región de;2017M03;75.755
14 Murcia, Región de;2017M02;49.328
14 Murcia, Región de;2017M01;41.392
14 Murcia, Región de;2016M12;54.299
14 Murcia, Región de;2016M11;50.622
14 Murcia, Región de;2016M10;91.398
14 Murcia, Región de;2016M09;75.391
14 Murcia, Región de;2016M08;162.569
14 Murcia, Región de;2016M07;93.627
14 Murcia, Región de;2016M06;88.353
14 Murcia, Región de;2016M05;62.265
14 Murcia, Región de;2016M04;109.749
14 Murcia, Región de;2016M03;59.014
14 Murcia, Región de;2016M02;46.519
14 Murcia, Región de;2016M01;30.499
14 Murcia, Región de;2015M12;36.204
14 Murcia, Región de;2015M11;33.701
14 Murcia, Región de;2015M10;108.006
15 Navarra, Comunidad Foral de;2024M12;.
15 Navarra, Comunidad Foral de;2024M11;.
15 Navarra, Comunidad Foral de;2024M10;.
15 Navarra, Comunidad Foral de;2024M09;44.656
15 Navarra, Comunidad Foral de;2024M08;59.769
15 Navarra, Comunidad Foral de;2024M07;88.445
15 Navarra, Comunidad Foral de;2024M06;37.211
15 Navarra, Comunidad Foral de;2024M05;56.473
15 Navarra, Comunidad Foral de;2024M04;.
15 Navarra, Comunidad Foral de;2024M03;.
15 Navarra, Comunidad Foral de;2024M02;.
15 Navarra, Comunidad Foral de;2024M01;11.823
15 Navarra, Comunidad Foral de;2023M12;.
15 Navarra, Comunidad Foral de;2023M11;30.460
15 Navarra, Comunidad Foral de;2023M10;33.737
15 Navarra, Comunidad Foral de;2023M09;36.060
15 Navarra, Comunidad Foral de;2023M08;31.942
15 Navarra, Comunidad Foral de;2023M07;62.326
15 Navarra, Comunidad Foral de;2023M06;22.837
15 Navarra, Comunidad Foral de;2023M05;41.432
15 Navarra, Comunidad Foral de;2023M04;.
15 Navarra, Comunidad Foral de;2023M03;.
15 Navarra, Comunidad Foral de;2023M02;.
15 Navarra, Comunidad Foral de;2023M01;13.669
15 Navarra, Comunidad Foral de;2022M12;.
15 Navarra, Comunidad Foral de;2022M11;13.492
15 Navarra, Comunidad Foral de;2022M10;26.100
15 Navarra, Comunidad Foral de;2022M09;27.370
15 Navarra, Comunidad Foral de;2022M08;25.787
15 Navarra, Comunidad Foral de;2022M07;65.371
15 Navarra, Comunidad Foral de;2022M06;18.408
15 Navarra, Comunidad Foral de;2022M05;24.220
15 Navarra, Comunidad Foral de;2022M04;.
15 Navarra, Comunidad Foral de;2022M03;14.508
15 Navarra, Comunidad Foral de;2022M02;.
15 Navarra, Comunidad Foral de;2022M01;12.526
15 Navarra, Comunidad Foral de;2021M12;.
15 Navarra, Comunidad Foral de;2021M11;20.487
15 Navarra, Comunidad Foral de;2021M10;19.717
15 Navarra, Comunidad Foral de;2021M09;13.831
15 Navarra, Comunidad Foral de;2021M08;16.865
15 Navarra, Comunidad Foral de;2021M07;12.620
15 Navarra, Comunidad Foral de;2021M06;5.796
15 Navarra, Comunidad Foral de;2021M05;.
15 Navarra, Comunidad Foral de;2021M04;.
15 Navarra, Comunidad Foral de;2021M03;.
15 Navarra, Comunidad Foral de;2021M02;.
15 Navarra, Comunidad Foral de;2021M01;.
15 Navarra, Comunidad Foral de;2020M12;.
15 Navarra, Comunidad Foral de;2020M11;.
15 Navarra, Comunidad Foral de;2020M10;.
15 Navarra, Comunidad Foral de;2020M09;.
15 Navarra, Comunidad Foral de;2020M08;.
15 Navarra, Comunidad Foral de;2020M07;.
15 Navarra, Comunidad Foral de;2020M06;.
15 Navarra, Comunidad Foral de;2020M05;.
15 Navarra, Comunidad Foral de;2020M04;.
15 Navarra, Comunidad Foral de;2020M03;.
15 Navarra, Comunidad Foral de;2020M02;.
15 Navarra, Comunidad Foral de;2020M01;.
15 Navarra, Comunidad Foral de;2019M12;.
15 Navarra, Comunidad Foral de;2019M11;.
15 Navarra, Comunidad Foral de;2019M10;.
15 Navarra, Comunidad Foral de;2019M09;40.940
15 Navarra, Comunidad Foral de;2019M08;76.523
15 Navarra, Comunidad Foral de;2019M07;90.325
15 Navarra, Comunidad Foral de;2019M06;45.871
15 Navarra, Comunidad Foral de;2019M05;.
15 Navarra, Comunidad Foral de;2019M04;.
15 Navarra, Comunidad Foral de;2019M03;.
15 Navarra, Comunidad Foral de;2019M02;.
15 Navarra, Comunidad Foral de;2019M01;.
15 Navarra, Comunidad Foral de;2018M12;.
15 Navarra, Comunidad Foral de;2018M11;.
15 Navarra, Comunidad Foral de;2018M10;.
15 Navarra, Comunidad Foral de;2018M09;41.888
15 Navarra, Comunidad Foral de;2018M08;44.557
15 Navarra, Comunidad Foral de;2018M07;53.863
15 Navarra, Comunidad Foral de;2018M06;32.744
15 Navarra, Comunidad Foral de;2018M05;.
15 Navarra, Comunidad Foral de;2018M04;.
15 Navarra, Comunidad Foral de;2018M03;.
15 Navarra, Comunidad Foral de;2018M02;.
15 Navarra, Comunidad Foral de;2018M01;.
15 Navarra, Comunidad Foral de;2017M12;.
15 Navarra, Comunidad Foral de;2017M11;.
15 Navarra, Comunidad Foral de;2017M10;.
15 Navarra, Comunidad Foral de;2017M09;24.541
15 Navarra, Comunidad Foral de;2017M08;41.447
15 Navarra, Comunidad Foral de;2017M07;91.072
15 Navarra, Comunidad Foral de;2017M06;.
15 Navarra, Comunidad Foral de;2017M05;33.712
15 Navarra, Comunidad Foral de;2017M04;.
15 Navarra, Comunidad Foral de;2017M03;.
15 Navarra, Comunidad Foral de;2017M02;.
15 Navarra, Comunidad Foral de;2017M01;14.513
15 Navarra, Comunidad Foral de;2016M12;.
15 Navarra, Comunidad Foral de;2016M11;16.003
15 Navarra, Comunidad Foral de;2016M10;29.609
15 Navarra, Comunidad Foral de;2016M09;39.160
15 Navarra, Comunidad Foral de;2016M08;38.112
15 Navarra, Comunidad Foral de;2016M07;59.795
15 Navarra, Comunidad Foral de;2016M06;.
15 Navarra, Comunidad Foral de;2016M05;22.020
15 Navarra, Comunidad Foral de;2016M04;28.685
15 Navarra, Comunidad Foral de;2016M03;.
15 Navarra, Comunidad Foral de;2016M02;7.383
15 Navarra, Comunidad Foral de;2016M01;12.020
15 Navarra, Comunidad Foral de;2015M12;12.138
15 Navarra, Comunidad Foral de;2015M11;17.567
15 Navarra, Comunidad Foral de;2015M10;24.700
16 País Vasco;2024M12;118.422
16 País Vasco;2024M11;143.218
16 País Vasco;2024M10;231.766
16 País Vasco;2024M09;186.079
16 País Vasco;2024M08;263.309
16 País Vasco;2024M07;258.259
16 País Vasco;2024M06;184.756
16 País Vasco;2024M05;196.188
16 País Vasco;2024M04;212.572
16 País Vasco;2024M03;148.912
16 País Vasco;2024M02;115.644
16 País Vasco;2024M01;106.561
16 País Vasco;2023M12;180.463
16 País Vasco;2023M11;96.324
16 País Vasco;2023M10;183.679
16 País Vasco;2023M09;167.256
16 País Vasco;2023M08;269.524
16 País Vasco;2023M07;243.031
16 País Vasco;2023M06;165.716
16 País Vasco;2023M05;192.492
16 País Vasco;2023M04;140.963
16 País Vasco;2023M03;143.214
16 País Vasco;2023M02;135.734
16 País Vasco;2023M01;83.778
16 País Vasco;2022M12;115.478
16 País Vasco;2022M11;115.889
16 País Vasco;2022M10;128.604
16 País Vasco;2022M09;139.097
16 País Vasco;2022M08;191.159
16 País Vasco;2022M07;212.473
16 País Vasco;2022M06;133.234
16 País Vasco;2022M05;153.992
16 País Vasco;2022M04;136.445
16 País Vasco;2022M03;74.603
16 País Vasco;2022M02;75.308
16 País Vasco;2022M01;68.732
16 País Vasco;2021M12;83.982
16 País Vasco;2021M11;68.201
16 País Vasco;2021M10;99.068
16 País Vasco;2021M09;91.478
16 País Vasco;2021M08;89.030
16 País Vasco;2021M07;100.509
16 País Vasco;2021M06;41.865
16 País Vasco;2021M05;32.892
16 País Vasco;2021M04;14.963
16 País Vasco;2021M03;16.832
16 País Vasco;2021M02;11.749
16 País Vasco;2021M01;18.114
16 País Vasco;2020M12;22.029
16 País Vasco;2020M11;14.070
16 País Vasco;2020M10;44.566
16 País Vasco;2020M09;62.367
16 País Vasco;2020M08;81.153
16 País Vasco;2020M07;92.324
16 País Vasco;2020M06;9.884
16 País Vasco;2020M05;.
16 País Vasco;2020M04;.
16 País Vasco;2020M03;56.127
16 País Vasco;2020M02;72.839
16 País Vasco;2020M01;71.928
16 País Vasco;2019M12;93.080
16 País Vasco;2019M11;72.141
16 País Vasco;2019M10;147.154
16 País Vasco;2019M09;162.577
16 País Vasco;2019M08;213.221
16 País Vasco;2019M07;185.672
16 País Vasco;2019M06;167.157
16 País Vasco;2019M05;122.805
16 País Vasco;2019M04;141.918
16 País Vasco;2019M03;98.983
16 País Vasco;2019M02;103.806
16 País Vasco;2019M01;102.767
16 País Vasco;2018M12;71.304
16 País Vasco;2018M11;94.851
16 País Vasco;2018M10;164.158
16 País Vasco;2018M09;164.967
16 País Vasco;2018M08;221.598
16 País Vasco;2018M07;203.367
16 País Vasco;2018M06;110.507
16 País Vasco;2018M05;159.055
16 País Vasco;2018M04;122.164
16 País Vasco;2018M03;92.447
16 País Vasco;2018M02;66.902
16 País Vasco;2018M01;81.069
16 País Vasco;2017M12;64.006
16 País Vasco;2017M11;104.805
16 País Vasco;2017M10;163.287
16 País Vasco;2017M09;163.289
16 País Vasco;2017M08;232.484
16 País Vasco;2017M07;187.883
16 País Vasco;2017M06;119.508
16 País Vasco;2017M05;145.446
16 País Vasco;2017M04;110.171
16 País Vasco;2017M03;82.018
16 País Vasco;2017M02;80.415
16 País Vasco;2017M01;61.452
16 País Vasco;2016M12;68.566
16 País Vasco;2016M11;82.265
16 País Vasco;2016M10;129.010
16 País Vasco;2016M09;141.016
16 País Vasco;2016M08;196.230
16 País Vasco;2016M07;202.254
16 País Vasco;2016M06;103.293
16 País Vasco;2016M05;130.412
16 País Vasco;2016M04;102.885
16 País Vasco;2016M03;98.123
16 País Vasco;2016M02;67.922
16 País Vasco;2016M01;60.108
16 País Vasco;2015M12;98.103
16 País Vasco;2015M11;67.554
16 País Vasco;2015M10;124.023
17 Rioja, La;2024M12;.
17 Rioja, La;2024M11;.
17 Rioja, La;2024M10;.
17 Rioja, La;2024M09;13.942
17 Rioja, La;2024M08;.
17 Rioja, La;2024M07;.
17 Rioja, La;2024M06;.
17 Rioja, La;2024M05;.
17 Rioja, La;2024M04;.
17 Rioja, La;2024M03;.
17 Rioja, La;2024M02;.
17 Rioja, La;2024M01;.
17 Rioja, La;2023M12;.
17 Rioja, La;2023M11;.
17 Rioja, La;2023M10;.
17 Rioja, La;2023M09;.
17 Rioja, La;2023M08;.
17 Rioja, La;2023M07;.
17 Rioja, La;2023M06;.
17 Rioja, La;2023M05;10.759
17 Rioja, La;2023M04;.
17 Rioja, La;2023M03;.
17 Rioja, La;2023M02;.
17 Rioja, La;2023M01;.
17 Rioja, La;2022M12;.
17 Rioja, La;2022M11;.
17 Rioja, La;2022M10;.
17 Rioja, La;2022M09;.
17 Rioja, La;2022M08;.
17 Rioja, La;2022M07;.
17 Rioja, La;2022M06;.
17 Rioja, La;2022M05;.
17 Rioja, La;2022M04;.
17 Rioja, La;2022M03;.
17 Rioja, La;2022M02;.
17 Rioja, La;2022M01;.
17 Rioja, La;2021M12;.
17 Rioja, La;2021M11;.
17 Rioja, La;2021M10;.
17 Rioja, La;2021M09;.
17 Rioja, La;2021M08;.
17 Rioja, La;2021M07;.
17 Rioja, La;2021M06;.
17 Rioja, La;2021M05;.
17 Rioja, La;2021M04;.
17 Rioja, La;2021M03;.
17 Rioja, La;2021M02;.
17 Rioja, La;2021M01;.
17 Rioja, La;2020M12;.
17 Rioja, La;2020M11;.
17 Rioja, La;2020M10;.
17 Rioja, La;2020M09;.
17 Rioja, La;2020M08;.
17 Rioja, La;2020M07;.
17 Rioja, La;2020M06;.
17 Rioja, La;2020M05;.
17 Rioja, La;2020M04;.
17 Rioja, La;2020M03;.
17 Rioja, La;2020M02;.
17 Rioja, La;2020M01;.
17 Rioja, La;2019M12;.
17 Rioja, La;2019M11;.
17 Rioja, La;2019M10;.
17 Rioja, La;2019M09;12.374
17 Rioja, La;2019M08;15.774
17 Rioja, La;2019M07;.
17 Rioja, La;2019M06;.
17 Rioja, La;2019M05;.
17 Rioja, La;2019M04;.
17 Rioja, La;2019M03;.
17 Rioja, La;2019M02;.
17 Rioja, La;2019M01;.
17 Rioja, La;2018M12;.
17 Rioja, La;2018M11;.
17 Rioja, La;2018M10;.
17 Rioja, La;2018M09;.
17 Rioja, La;2018M08;.
17 Rioja, La;2018M07;.
17 Rioja, La;2018M06;22.014
17 Rioja, La;2018M05;.
17 Rioja, La;2018M04;.
17 Rioja, La;2018M03;.
17 Rioja, La;2018M02;.
17 Rioja, La;2018M01;.
17 Rioja, La;2017M12;.
17 Rioja, La;2017M11;.
17 Rioja, La;2017M10;.
17 Rioja, La;2017M09;.
17 Rioja, La;2017M08;.
17 Rioja, La;2017M07;.
17 Rioja, La;2017M06;.
17 Rioja, La;2017M05;.
17 Rioja, La;2017M04;.
17 Rioja, La;2017M03;.
17 Rioja, La;2017M02;.
17 Rioja, La;2017M01;.
17 Rioja, La;2016M12;.
17 Rioja, La;2016M11;.
17 Rioja, La;2016M10;17.463
17 Rioja, La;2016M09;14.644
17 Rioja, La;2016M08;.
17 Rioja, La;2016M07;.
17 Rioja, La;2016M06;.
17 Rioja, La;2016M05;.
17 Rioja, La;2016M04;.
17 Rioja, La;2016M03;.
17 Rioja, La;2016M02;.
17 Rioja, La;2016M01;.
17 Rioja, La;2015M12;7.001
17 Rioja, La;2015M11;.
17 Rioja, La;2015M10;.
